,name,mean,std
0,MaxEStateIndex,12.607765015300066,1.9557612273162843
1,MinEStateIndex,-2.06038219575486,1.9534073513314156
2,MinAbsEStateIndex,0.12886610171873988,0.14214804872017886
3,qed,0.5410145654708479,0.21224011762861356
4,MolWt,466.77592992399855,226.33395169563437
5,NumRadicalElectrons,0.0001932242689681824,0.013899170239624527
6,FpDensityMorgan1,1.1165173659299963,0.16309425141188616
7,FpDensityMorgan2,1.8509920579064736,0.21697134394915654
8,FpDensityMorgan3,2.521811770608025,0.27361130910988474
9,BalabanJ,1.6353908437452696,0.38791512569292536
10,HallKierAlpha,-3.3058646911506626,1.6252113360305007
11,Ipc,3.6907999078518513e+130,4.4795343475719295e+132
12,PEOE_VSA1,15.860074461357673,15.516138194503759
13,PEOE_VSA10,9.789719242993899,11.874525273896058
14,PEOE_VSA11,4.392228242873095,5.5966498581723165
15,PEOE_VSA12,5.659936953775135,12.048777407580792
16,PEOE_VSA13,4.60600502352196,4.897279478303621
17,PEOE_VSA14,4.067306370803117,5.347744577015614
18,PEOE_VSA2,10.334653112125727,12.447745036783479
19,PEOE_VSA3,8.406236435117691,6.4601173492530775
20,PEOE_VSA4,6.658667424586732,7.830972295484458
21,PEOE_VSA5,2.3939741158527013,4.964530452613809
22,PEOE_VSA6,25.09315523485078,21.418709351620517
23,PEOE_VSA7,46.077429235708124,23.166714083729076
24,PEOE_VSA8,29.502117779349415,19.16932815391059
25,PEOE_VSA9,19.797928563657084,13.870645394332172
26,SMR_VSA1,19.46409733196985,16.529931130868206
27,SMR_VSA10,26.620333303526397,18.90858631023101
28,SMR_VSA2,0.651208898652901,1.8518551446414664
29,SMR_VSA3,16.497940378047304,14.19614161657396
30,SMR_VSA4,4.341601002590098,6.067723541091168
31,SMR_VSA5,33.335318256807724,30.59402715123746
32,SMR_VSA6,19.491506441572838,18.452202510006895
33,SMR_VSA7,63.13142049046424,25.841654431105304
34,SMR_VSA9,9.106006092941799,8.224999494899704
35,SlogP_VSA1,10.755962425063043,11.45512153076759
36,SlogP_VSA10,10.478615124297272,9.619569489573673
37,SlogP_VSA11,2.1435207026907115,3.9054853313259645
38,SlogP_VSA12,5.733140332593377,8.424969884967876
39,SlogP_VSA2,47.37959585250703,39.750878304051106
40,SlogP_VSA3,15.194076960004763,15.096766785507466
41,SlogP_VSA4,7.1148107246802565,7.957490868069721
42,SlogP_VSA5,33.72572581828876,23.656677340886056
43,SlogP_VSA6,48.77604461800516,21.47328245067794
44,SlogP_VSA7,1.238927758580617,2.8170741035961853
45,SlogP_VSA8,10.09901187986217,9.950889621444135
46,TPSA,100.51660762591783,81.83978331324852
47,EState_VSA1,17.499709416922155,33.22116561753897
48,EState_VSA10,16.681155206151065,15.159156701845777
49,EState_VSA11,0.17045328598504833,1.6563917170045113
50,EState_VSA2,20.613530086369565,18.184982620129663
51,EState_VSA3,23.761327217594822,16.238635895853328
52,EState_VSA4,25.912575318911394,20.636475460657394
53,EState_VSA5,14.226535934110135,13.736638356247429
54,EState_VSA6,20.7946744421491,16.598741499679733
55,EState_VSA7,23.121325140860545,19.34190878760616
56,EState_VSA8,21.638277652607847,17.283929746940228
57,EState_VSA9,8.21986849491148,9.045628752874439
58,VSA_EState1,25.120831138996742,26.533737660830614
59,VSA_EState10,1.8530136774499497,3.359321209989196
60,VSA_EState2,26.7550985553843,33.13885356084376
61,VSA_EState3,11.032068682361809,11.080581513491332
62,VSA_EState4,3.0133901705820003,3.9331436938912816
63,VSA_EState5,-0.4016837129829375,2.899354840405888
64,VSA_EState6,11.110238760221081,6.516911903582476
65,VSA_EState7,1.6705973320694187,4.735244142094528
66,VSA_EState8,2.9543020391051527,2.8989383834425126
67,VSA_EState9,-0.0020177636020210048,2.2553081675206594
68,FractionCSP3,0.32353672991740134,0.1505660495149419
69,NHOHCount,2.2410150714929795,2.9104470707074355
70,NumAliphaticCarbocycles,0.27631070462450086,0.5919631716339884
71,NumAliphaticHeterocycles,0.759564601313925,0.916993399120018
72,NumAliphaticRings,1.0358753059384258,1.0623065767850575
73,NumAromaticCarbocycles,1.5551977328352442,0.9359287440136341
74,NumAromaticHeterocycles,1.3998454205848254,1.1049453677372358
75,NumAromaticRings,2.9550431534200694,1.1755764171141845
76,NumHAcceptors,6.046309416462708,3.668381210984614
77,NumHeteroatoms,9.48756923869638,5.831134706329138
78,NumSaturatedHeterocycles,0.5408991369315986,0.7935691321752897
79,NumSaturatedRings,0.7921550946798918,0.9572965178658728
80,RingCount,3.9909184593584954,1.5608182203126912
81,MolLogP,3.549858892824941,1.9693555930994224
82,fr_Al_COO,0.06511657864227748,0.320935040877847
83,fr_Al_OH,0.22645884323070978,0.5560072499868369
84,fr_Al_OH_noTert,0.15779981965734896,0.4997352411122828
85,fr_ArN,0.043990725235089526,0.2474856602833516
86,fr_Ar_COO,0.08791704238052299,0.28476191686173413
87,fr_Ar_N,2.0664691485250546,1.849053983444858
88,fr_Ar_NH,0.16578642277470051,0.4370207113363467
89,fr_Ar_OH,0.02557001159345614,0.1677396511960416
90,fr_COO,0.15303362102280046,0.4175087377298307
91,fr_C_S,0.0017390184207136416,0.041665264137481
92,fr_HOCCN,0.015457941517454592,0.12388627745157921
93,fr_Imine,0.005474687620765168,0.07551389127070893
94,fr_NH0,2.867383743398171,2.0206320685463814
95,fr_NH1,1.3935978358881875,1.8212276080475995
96,fr_NH2,0.21795697539610975,0.550808523284089
97,fr_N_O,0.005474687620765168,0.09714945689449826
98,fr_Ndealkylation1,0.0918459358495427,0.3075991994749319
99,fr_Ndealkylation2,0.25048306067242043,0.4876994881492212
100,fr_SH,0.0014169779724333377,0.03761608892294594
101,fr_alkyl_carbamate,0.010562926703593972,0.10472161190650647
102,fr_alkyl_halide,0.9155609944609043,1.6498197541430157
103,fr_allylic_oxid,0.0063119927862939585,0.12622743355455204
104,fr_amidine,0.005667911889733351,0.07507187665526666
105,fr_aniline,0.8607497101635966,0.8467128425437781
106,fr_aryl_methyl,0.4496972819786165,0.6890792356801617
107,fr_azide,0.0001288161793121216,0.011348990514758087
108,fr_bicyclic,0.7094551075615098,0.8444815212240627
109,fr_ester,0.025634419683112197,0.18049224578922346
110,fr_ether,0.5439907252350895,0.9256619682812822
111,fr_furan,0.017969857014040965,0.13619344517310936
112,fr_guanido,0.0017390184207136416,0.041665264137481
113,fr_halogen,1.3787839752672937,1.7639485046420857
114,fr_hdrzine,0.0033492206621151617,0.05777545658038214
115,fr_hdrzone,0.0002576323586242432,0.016048862395572867
116,fr_imidazole,0.16849156254025505,0.3986343162254952
117,fr_imide,0.06853020739404869,0.2825013704449599
118,fr_ketone,0.046373824552363774,0.23017991472318916
119,fr_ketone_Topliss,0.040255056035038,0.2174057738712707
120,fr_lactam,0.0005152647172484864,0.022693594239777116
121,fr_lactone,0.004701790544892438,0.07296413233311971
122,fr_methoxy,0.14730130104341105,0.3925200674899417
123,fr_morpholine,0.024475074069303104,0.16024815546200502
124,fr_nitro,0.010691742882906093,0.10470853859627823
125,fr_nitro_arom,0.009532397269096998,0.09913616499208285
126,fr_nitro_arom_nonortho,0.008630684013912147,0.09388198797420298
127,fr_oxazole,0.013461290738116707,0.11579680724913238
128,fr_oxime,0.019708875434754605,0.13899796999903244
129,fr_para_hydroxylation,0.1776375112714157,0.47153112730072166
130,fr_phenol_noOrthoHbond,0.021898750483060673,0.1565592013068291
131,fr_phos_acid,0.0002576323586242432,0.016048862395572867
132,fr_piperdine,0.2472626561896174,0.5089536251313407
133,fr_piperzine,0.057967280690454724,0.23642173515336945
134,fr_priamide,0.09017132551848513,0.31265960955774785
135,fr_pyridine,0.3610073425222208,0.5668929629153977
136,fr_quatN,0.0007728970758727296,0.027790280782727564
137,fr_sulfide,0.03858044570398042,0.1939259127360527
138,fr_sulfonamd,0.11902614968440037,0.34816458772877307
139,fr_sulfone,0.09306968955300786,0.2988356358491657
140,fr_term_acetylene,0.0017390184207136416,0.046069976921878586
141,fr_tetrazole,0.0080510112070076,0.08936549907851597
142,fr_thiazole,0.07252350895272446,0.2647599016973212
143,fr_thiophene,0.07716089140796084,0.26805068390446296
144,fr_unbrch_alkane,0.2687749581347417,1.7662114552866428
145,fr_urea,0.0892052041736442,0.3025771472979286
